country,organization,public_contact_type,public_contact,public_phone,public_page,focus,notes,source_url,last_verified
Austria,epicenter.works,email,team@epicenter.works,+43 670 404 98 89,https://epicenter.works/en/contact,"Digital rights, surveillance, data protection, and telecom policy","Public general route on official contact page; press and back-office phone are the same on the page",https://epicenter.works/en/contact,2026-04-23
Czech Republic,Iuridicum Remedium (IuRe),email,iure@iure.org,+420 776 703 170,https://www.iure.org/,"Privacy, surveillance, digital rights, and civil liberties","Homepage footer exposes the public contact route",https://www.iure.org/,2026-04-23
France,La Quadrature du Net,email,contact@laquadrature.net,+33 (0) 9 72 29 44 26,https://www.laquadrature.net/en/about/,"Digital freedoms, surveillance, censorship, and platform power","Official about page publishes the contact route",https://www.laquadrature.net/en/about/,2026-04-23
Germany,Digitalcourage,email,mail@digitalcourage.de,+49 521 1639 1639,https://digitalcourage.de/kontakt,"Privacy, digital self-determination, and anti-surveillance advocacy","Official contact page also publishes encrypted contact details",https://digitalcourage.de/kontakt,2026-04-23
Ireland,Irish Council for Civil Liberties (ICCL),email,info@iccl.ie,+353-1-9121640,https://www.iccl.ie/about/iccl-staff/,"Civil liberties, surveillance, AI, platform power, and privacy","Public general route published on the ICCL staff page",https://www.iccl.ie/about/iccl-staff/,2026-04-23
Italy,Hermes Center,email,media@hermescenter.org,,https://hermescenter.org/contatti/,"Digital rights, surveillance, censorship circumvention, and internet freedom","Current public page publishes media, projects, and finance routes but not a single general inbox",https://hermescenter.org/contatti/,2026-04-23
Netherlands,Bits of Freedom,email,info@bitsoffreedom.nl,+31 20 261 8350,https://www.bitsoffreedom.nl/contact/,"Privacy, freedom of communication, platform accountability, and civic tech power","Official contact page says they do not handle individual legal problems",https://www.bitsoffreedom.nl/contact/,2026-04-23
Poland,Panoptykon Foundation,email,fundacja@panoptykon.org,+48 660 074 026,https://en.panoptykon.org/contact-us,"Privacy, surveillance, platform regulation, AI, and state-business data power","Official contact page advises email as the fastest route and notes no individual legal help",https://en.panoptykon.org/contact-us,2026-04-23
Spain,Xnet,email,contact@xnet-x.net,,https://xnet-x.net/en/contact/,"Digital rights, democratic digitalisation, whistleblowing, and disinformation","Official contact page publishes the address in obfuscated form as contact [at] xnet-x.net",https://xnet-x.net/en/contact/,2026-04-23
