committee_code,role,mep_name,email,role_tag,source_url,last_verified
AFCO,chair,Sven SIMON,sven.simon@europarl.europa.eu,afco_chair,https://www.europarl.europa.eu/committees/en/afco/home/members,2026-04-24
AFCO,vice_chair,Gabriele BISCHOFF,gabriele.bischoff@europarl.europa.eu,afco_vice_chair,https://www.europarl.europa.eu/committees/en/afco/home/members,2026-04-24
AFCO,vice_chair,Adrián VÁZQUEZ LÁZARA,adrian.vazquez@europarl.europa.eu,afco_vice_chair,https://www.europarl.europa.eu/committees/en/afco/home/members,2026-04-24
AFCO,vice_chair,Charles GOERENS,charles.goerens@europarl.europa.eu,afco_vice_chair,https://www.europarl.europa.eu/committees/en/afco/home/members,2026-04-24
AFCO,vice_chair,Péter MAGYAR,peter.magyar@europarl.europa.eu,afco_vice_chair,https://www.europarl.europa.eu/committees/en/afco/home/members,2026-04-24
AFET,chair,David MCALLISTER,david.mcallister@europarl.europa.eu,afet_chair,https://www.europarl.europa.eu/committees/en/afet/home/members,2026-04-24
AFET,vice_chair,Hana JALLOUL MURO,hana.jalloul@europarl.europa.eu,afet_vice_chair,https://www.europarl.europa.eu/committees/en/afet/home/members,2026-04-24
AFET,vice_chair,Urmas PAET,urmas.paet@europarl.europa.eu,afet_vice_chair,https://www.europarl.europa.eu/committees/en/afet/home/members,2026-04-24
AFET,vice_chair,Alberico GAMBINO,alberico.gambino@europarl.europa.eu,afet_vice_chair,https://www.europarl.europa.eu/committees/en/afet/home/members,2026-04-24
AFET,vice_chair,Ioan-Rareş BOGDAN,ioanrares.bogdan@europarl.europa.eu,afet_vice_chair,https://www.europarl.europa.eu/committees/en/afet/home/members,2026-04-24
AGRI,chair,Veronika VRECIONOVÁ,veronika.vrecionova@europarl.europa.eu,agri_chair,https://www.europarl.europa.eu/committees/en/agri/home/members,2026-04-24
AGRI,vice_chair,Daniel BUDA,daniel.buda@europarl.europa.eu,agri_vice_chair,https://www.europarl.europa.eu/committees/en/agri/home/members,2026-04-24
AGRI,vice_chair,Norbert LINS,norbert.lins@europarl.europa.eu,agri_vice_chair,https://www.europarl.europa.eu/committees/en/agri/home/members,2026-04-24
AGRI,vice_chair,Eric SARGIACOMO,eric.sargiacomo@europarl.europa.eu,agri_vice_chair,https://www.europarl.europa.eu/committees/en/agri/home/members,2026-04-24
AGRI,vice_chair,Krzysztof HETMAN,krzysztof.hetman@europarl.europa.eu,agri_vice_chair,https://www.europarl.europa.eu/committees/en/agri/home/members,2026-04-24
BUDG,chair,Johan VAN OVERTVELDT,johan.vanovertveldt@europarl.europa.eu,budg_chair,https://www.europarl.europa.eu/committees/en/budg/home/members,2026-04-24
BUDG,vice_chair,Monika HOHLMEIER,monika.hohlmeier@europarl.europa.eu,budg_vice_chair,https://www.europarl.europa.eu/committees/en/budg/home/members,2026-04-24
BUDG,vice_chair,Giuseppe LUPO,giuseppe.lupo@europarl.europa.eu,budg_vice_chair,https://www.europarl.europa.eu/committees/en/budg/home/members,2026-04-24
BUDG,vice_chair,Janusz LEWANDOWSKI,janusz.lewandowski@europarl.europa.eu,budg_vice_chair,https://www.europarl.europa.eu/committees/en/budg/home/members,2026-04-24
BUDG,vice_chair,Lucia YAR,lucia.yar@europarl.europa.eu,budg_vice_chair,https://www.europarl.europa.eu/committees/en/budg/home/members,2026-04-24
CONT,chair,Andreas SCHWAB,andreas.schwab@europarl.europa.eu,cont_chair,https://www.europarl.europa.eu/committees/en/cont/home/members,2026-04-24
CONT,vice_chair,Caterina CHINNICI,caterina.chinnici@europarl.europa.eu,cont_vice_chair,https://www.europarl.europa.eu/committees/en/cont/home/members,2026-04-24
CONT,vice_chair,Cristian TERHEȘ,cristian.terhes@europarl.europa.eu,cont_vice_chair,https://www.europarl.europa.eu/committees/en/cont/home/members,2026-04-24
CONT,vice_chair,Claudiu MANDA,claudiu.manda@europarl.europa.eu,cont_vice_chair,https://www.europarl.europa.eu/committees/en/cont/home/members,2026-04-24
CONT,vice_chair,Jacek PROTAS,jacek.protas@europarl.europa.eu,cont_vice_chair,https://www.europarl.europa.eu/committees/en/cont/home/members,2026-04-24
CULT,chair,Nela RIEHL,nela.riehl@europarl.europa.eu,cult_chair,https://www.europarl.europa.eu/committees/en/cult/home/members,2026-04-24
CULT,vice_chair,Bogdan Andrzej ZDROJEWSKI,bogdan.zdrojewski@europarl.europa.eu,cult_vice_chair,https://www.europarl.europa.eu/committees/en/cult/home/members,2026-04-24
CULT,vice_chair,Emma RAFOWICZ,emma.rafowicz@europarl.europa.eu,cult_vice_chair,https://www.europarl.europa.eu/committees/en/cult/home/members,2026-04-24
CULT,vice_chair,Diana RIBA I GINER,diana.ribaiginer@europarl.europa.eu,cult_vice_chair,https://www.europarl.europa.eu/committees/en/cult/home/members,2026-04-24
CULT,vice_chair,Hristo PETROV,hristo.petrov@europarl.europa.eu,cult_vice_chair,https://www.europarl.europa.eu/committees/en/cult/home/members,2026-04-24
DEVE,chair,Barry ANDREWS,barry.andrews@europarl.europa.eu,deve_chair,https://www.europarl.europa.eu/committees/en/deve/home/members,2026-04-24
DEVE,vice_chair,Isabella LÖVIN,isabella.lovin@europarl.europa.eu,deve_vice_chair,https://www.europarl.europa.eu/committees/en/deve/home/members,2026-04-24
DEVE,vice_chair,Hildegard BENTELE,hildegard.bentele@europarl.europa.eu,deve_vice_chair,https://www.europarl.europa.eu/committees/en/deve/home/members,2026-04-24
DEVE,vice_chair,Abir AL-SAHLANI,abir.al-sahlani@europarl.europa.eu,deve_vice_chair,https://www.europarl.europa.eu/committees/en/deve/home/members,2026-04-24
DEVE,vice_chair,Robert BIEDROŃ,robert.biedron@europarl.europa.eu,deve_vice_chair,https://www.europarl.europa.eu/committees/en/deve/home/members,2026-04-24
DROI,chair,Mounir SATOURI,mounir.satouri@europarl.europa.eu,droi_chair,https://www.europarl.europa.eu/committees/en/droi/home/members,2026-04-24
DROI,vice_chair,Marta TEMIDO,marta.temido@europarl.europa.eu,droi_vice_chair,https://www.europarl.europa.eu/committees/en/droi/home/members,2026-04-24
DROI,vice_chair,Łukasz KOHUT,lukasz.kohut@europarl.europa.eu,droi_vice_chair,https://www.europarl.europa.eu/committees/en/droi/home/members,2026-04-24
DROI,vice_chair,Isabel SERRA SÁNCHEZ,isabel.serrasanchez@europarl.europa.eu,droi_vice_chair,https://www.europarl.europa.eu/committees/en/droi/home/members,2026-04-24
DROI,vice_chair,Arkadiusz MULARCZYK,arkadiusz.mularczyk@europarl.europa.eu,droi_vice_chair,https://www.europarl.europa.eu/committees/en/droi/home/members,2026-04-24
ECON,chair,Aurore LALUCQ,aurore.lalucq@europarl.europa.eu,econ_chair,https://www.europarl.europa.eu/committees/en/econ/home/members,2026-04-24
ECON,vice_chair,Damian BOESELAGER,damian.boeselager@europarl.europa.eu,econ_vice_chair,https://www.europarl.europa.eu/committees/en/econ/home/members,2026-04-24
ECON,vice_chair,Ľudovít ÓDOR,ludovit.odor@europarl.europa.eu,econ_vice_chair,https://www.europarl.europa.eu/committees/en/econ/home/members,2026-04-24
ECON,vice_chair,Luděk NIEDERMAYER,ludek.niedermayer@europarl.europa.eu,econ_vice_chair,https://www.europarl.europa.eu/committees/en/econ/home/members,2026-04-24
ECON,vice_chair,Marlena MALĄG,marlena.malag@europarl.europa.eu,econ_vice_chair,https://www.europarl.europa.eu/committees/en/econ/home/members,2026-04-24
EMPL,chair,Li ANDERSSON,li.andersson@europarl.europa.eu,empl_chair,https://www.europarl.europa.eu/committees/en/empl/home/members,2026-04-24
EMPL,vice_chair,Johan DANIELSSON,johan.danielsson@europarl.europa.eu,empl_vice_chair,https://www.europarl.europa.eu/committees/en/empl/home/members,2026-04-24
EMPL,vice_chair,Jagna MARCZUŁAJTIS-WALCZAK,jagna.marczulajtis@europarl.europa.eu,empl_vice_chair,https://www.europarl.europa.eu/committees/en/empl/home/members,2026-04-24
EMPL,vice_chair,Katrin LANGENSIEPEN,katrin.langensiepen@europarl.europa.eu,empl_vice_chair,https://www.europarl.europa.eu/committees/en/empl/home/members,2026-04-24
EMPL,vice_chair,Georgiana TEODORESCU,georgiana.teodorescu@europarl.europa.eu,empl_vice_chair,https://www.europarl.europa.eu/committees/en/empl/home/members,2026-04-24
ENVI,chair,Pierfrancesco MARAN,pierfrancesco.maran@europarl.europa.eu,envi_chair,https://www.europarl.europa.eu/committees/en/envi/home/members,2026-04-24
ENVI,vice_chair,Esther HERRANZ GARCÍA,esther.herranzgarcia@europarl.europa.eu,envi_vice_chair,https://www.europarl.europa.eu/committees/en/envi/home/members,2026-04-24
ENVI,vice_chair,Pietro FIOCCHI,pietro.fiocchi@europarl.europa.eu,envi_vice_chair,https://www.europarl.europa.eu/committees/en/envi/home/members,2026-04-24
ENVI,vice_chair,Anja HAZEKAMP,anja.hazekamp@europarl.europa.eu,envi_vice_chair,https://www.europarl.europa.eu/committees/en/envi/home/members,2026-04-24
ENVI,vice_chair,András Tivadar KULJA,andrastivadar.kulja@europarl.europa.eu,envi_vice_chair,https://www.europarl.europa.eu/committees/en/envi/home/members,2026-04-24
EUDS,chair,Nathalie LOISEAU,nathalie.loiseau@europarl.europa.eu,euds_chair,https://www.europarl.europa.eu/committees/en/euds/home/members,2026-04-24
EUDS,vice_chair,Csaba MOLNÁR,csaba.molnar@europarl.europa.eu,euds_vice_chair,https://www.europarl.europa.eu/committees/en/euds/home/members,2026-04-24
EUDS,vice_chair,Sandra KALNIETE,sandra.kalniete@europarl.europa.eu,euds_vice_chair,https://www.europarl.europa.eu/committees/en/euds/home/members,2026-04-24
EUDS,vice_chair,Stefano CAVEDAGNA,stefano.cavedagna@europarl.europa.eu,euds_vice_chair,https://www.europarl.europa.eu/committees/en/euds/home/members,2026-04-24
EUDS,vice_chair,Vasile DÎNCU,vasile.dincu@europarl.europa.eu,euds_vice_chair,https://www.europarl.europa.eu/committees/en/euds/home/members,2026-04-24
FEMM,chair,Lina GÁLVEZ,lina.galvez@europarl.europa.eu,femm_chair,https://www.europarl.europa.eu/committees/en/femm/home/members,2026-04-24
FEMM,vice_chair,Dainius ŽALIMAS,dainius.zalimas@europarl.europa.eu,femm_vice_chair,https://www.europarl.europa.eu/committees/en/femm/home/members,2026-04-24
FEMM,vice_chair,Irene MONTERO,irene.montero@europarl.europa.eu,femm_vice_chair,https://www.europarl.europa.eu/committees/en/femm/home/members,2026-04-24
FEMM,vice_chair,Rosa ESTARÀS FERRAGUT,rosa.estarasferragut@europarl.europa.eu,femm_vice_chair,https://www.europarl.europa.eu/committees/en/femm/home/members,2026-04-24
FEMM,vice_chair,Marko VEŠLIGAJ,marko.vesligaj@europarl.europa.eu,femm_vice_chair,https://www.europarl.europa.eu/committees/en/femm/home/members,2026-04-24
FISC,chair,Pasquale TRIDICO,pasquale.tridico@europarl.europa.eu,fisc_chair,https://www.europarl.europa.eu/committees/en/fisc/home/members,2026-04-24
FISC,vice_chair,Kira Marie PETER-HANSEN,kiramarie.peterhansen@europarl.europa.eu,fisc_vice_chair,https://www.europarl.europa.eu/committees/en/fisc/home/members,2026-04-24
FISC,vice_chair,Regina DOHERTY,regina.doherty@europarl.europa.eu,fisc_vice_chair,https://www.europarl.europa.eu/committees/en/fisc/home/members,2026-04-24
FISC,vice_chair,Markus FERBER,markus.ferber@europarl.europa.eu,fisc_vice_chair,https://www.europarl.europa.eu/committees/en/fisc/home/members,2026-04-24
FISC,vice_chair,Matthias ECKE,matthias.ecke@europarl.europa.eu,fisc_vice_chair,https://www.europarl.europa.eu/committees/en/fisc/home/members,2026-04-24
HOUS,chair,Irene TINAGLI,irene.tinagli@europarl.europa.eu,hous_chair,https://www.europarl.europa.eu/committees/en/hous/home/members,2026-04-24
HOUS,vice_chair,Dirk GOTINK,dirk.gotink@europarl.europa.eu,hous_vice_chair,https://www.europarl.europa.eu/committees/en/hous/home/members,2026-04-24
HOUS,vice_chair,Vicent MARZÀ IBÁÑEZ,vicent.marza@europarl.europa.eu,hous_vice_chair,https://www.europarl.europa.eu/committees/en/hous/home/members,2026-04-24
HOUS,vice_chair,Ciaran MULLOOLY,ciaran.mullooly@europarl.europa.eu,hous_vice_chair,https://www.europarl.europa.eu/committees/en/hous/home/members,2026-04-24
HOUS,vice_chair,Regina DOHERTY,regina.doherty@europarl.europa.eu,hous_vice_chair,https://www.europarl.europa.eu/committees/en/hous/home/members,2026-04-24
IMCO,chair,Anna CAVAZZINI,anna.cavazzini@europarl.europa.eu,imco_chair,https://www.europarl.europa.eu/committees/en/imco/home/members,2026-04-24
IMCO,vice_chair,Christian DOLESCHAL,christian.doleschal@europarl.europa.eu,imco_vice_chair,https://www.europarl.europa.eu/committees/en/imco/home/members,2026-04-24
IMCO,vice_chair,Nikola MINCHEV,nikola.minchev@europarl.europa.eu,imco_vice_chair,https://www.europarl.europa.eu/committees/en/imco/home/members,2026-04-24
IMCO,vice_chair,Maria GRAPINI,maria.grapini@europarl.europa.eu,imco_vice_chair,https://www.europarl.europa.eu/committees/en/imco/home/members,2026-04-24
IMCO,vice_chair,Kamila GASIUK-PIHOWICZ,kamila.gasiukpihowicz@europarl.europa.eu,imco_vice_chair,https://www.europarl.europa.eu/committees/en/imco/home/members,2026-04-24
INTA,chair,Bernd LANGE,bernd.lange@europarl.europa.eu,inta_chair,https://www.europarl.europa.eu/committees/en/inta/home/members,2026-04-24
INTA,vice_chair,Manon AUBRY,manon.aubry@europarl.europa.eu,inta_vice_chair,https://www.europarl.europa.eu/committees/en/inta/home/members,2026-04-24
INTA,vice_chair,Iuliu WINKLER,iuliu.winkler@europarl.europa.eu,inta_vice_chair,https://www.europarl.europa.eu/committees/en/inta/home/members,2026-04-24
INTA,vice_chair,Karin KARLSBRO,karin.karlsbro@europarl.europa.eu,inta_vice_chair,https://www.europarl.europa.eu/committees/en/inta/home/members,2026-04-24
INTA,vice_chair,Kathleen VAN BREMPT,kathleen.vanbrempt@europarl.europa.eu,inta_vice_chair,https://www.europarl.europa.eu/committees/en/inta/home/members,2026-04-24
ITRE,chair,Borys BUDKA,borys.budka@europarl.europa.eu,itre_chair,https://www.europarl.europa.eu/committees/en/itre/home/members,2026-04-24
ITRE,vice_chair,Tsvetelina PENKOVA,tsvetelina.penkova@europarl.europa.eu,itre_vice_chair,https://www.europarl.europa.eu/committees/en/itre/home/members,2026-04-24
ITRE,vice_chair,Elena DONAZZAN,elena.donazzan@europarl.europa.eu,itre_vice_chair,https://www.europarl.europa.eu/committees/en/itre/home/members,2026-04-24
ITRE,vice_chair,Giorgio GORI,giorgio.gori@europarl.europa.eu,itre_vice_chair,https://www.europarl.europa.eu/committees/en/itre/home/members,2026-04-24
ITRE,vice_chair,Yvan VEROUGSTRAETE,yvan.verougstraete@europarl.europa.eu,itre_vice_chair,https://www.europarl.europa.eu/committees/en/itre/home/members,2026-04-24
JURI,chair,Ilhan KYUCHYUK,ilhan.kyuchyuk@europarl.europa.eu,juri_chair,https://www.europarl.europa.eu/committees/en/juri/home/members,2026-04-24
JURI,vice_chair,Marion WALSMANN,marion.walsmann@europarl.europa.eu,juri_vice_chair,https://www.europarl.europa.eu/committees/en/juri/home/members,2026-04-24
JURI,vice_chair,Mario MANTOVANI,mario.mantovani@europarl.europa.eu,juri_vice_chair,https://www.europarl.europa.eu/committees/en/juri/home/members,2026-04-24
JURI,vice_chair,Lara WOLTERS,lara.wolters@europarl.europa.eu,juri_vice_chair,https://www.europarl.europa.eu/committees/en/juri/home/members,2026-04-24
JURI,vice_chair,Emil RADEV,emil.radev@europarl.europa.eu,juri_vice_chair,https://www.europarl.europa.eu/committees/en/juri/home/members,2026-04-24
LIBE,chair,Javier ZARZALEJOS,javier.zarzalejos@europarl.europa.eu,libe_chair,https://www.europarl.europa.eu/committees/en/libe/home/members,2026-04-24
LIBE,vice_chair,Marina KALJURAND,marina.kaljurand@europarl.europa.eu,libe_vice_chair,https://www.europarl.europa.eu/committees/en/libe/home/members,2026-04-24
LIBE,vice_chair,Charlie WEIMERS,charlie.weimers@europarl.europa.eu,libe_vice_chair,https://www.europarl.europa.eu/committees/en/libe/home/members,2026-04-24
LIBE,vice_chair,Alessandro ZAN,alessandro.zan@europarl.europa.eu,libe_vice_chair,https://www.europarl.europa.eu/committees/en/libe/home/members,2026-04-24
LIBE,vice_chair,Estrella GALÁN,estrella.galan@europarl.europa.eu,libe_vice_chair,https://www.europarl.europa.eu/committees/en/libe/home/members,2026-04-24
PECH,chair,Carmen CRESPO DÍAZ,carmen.crespodiaz@europarl.europa.eu,pech_chair,https://www.europarl.europa.eu/committees/en/pech/home/members,2026-04-24
PECH,vice_chair,Paulo DO NASCIMENTO CABRAL,paulo.donascimentocabral@europarl.europa.eu,pech_vice_chair,https://www.europarl.europa.eu/committees/en/pech/home/members,2026-04-24
PECH,vice_chair,Giuseppe MILAZZO,giuseppe.milazzo@europarl.europa.eu,pech_vice_chair,https://www.europarl.europa.eu/committees/en/pech/home/members,2026-04-24
PECH,vice_chair,Stéphanie YON-COURTIN,stephanie.yon-courtin@europarl.europa.eu,pech_vice_chair,https://www.europarl.europa.eu/committees/en/pech/home/members,2026-04-24
PECH,vice_chair,Jessica POLFJÄRD,jessica.polfjard@europarl.europa.eu,pech_vice_chair,https://www.europarl.europa.eu/committees/en/pech/home/members,2026-04-24
PETI,chair,Bogdan RZOŃCA,bogdan.rzonca@europarl.europa.eu,peti_chair,https://www.europarl.europa.eu/committees/en/peti/home/members,2026-04-24
PETI,vice_chair,Dolors MONTSERRAT,dolors.montserrat@europarl.europa.eu,peti_vice_chair,https://www.europarl.europa.eu/committees/en/peti/home/members,2026-04-24
PETI,vice_chair,Fredis BELERIS,fredis.beleris@europarl.europa.eu,peti_vice_chair,https://www.europarl.europa.eu/committees/en/peti/home/members,2026-04-24
PETI,vice_chair,Nils UŠAKOVS,nils.usakovs@europarl.europa.eu,peti_vice_chair,https://www.europarl.europa.eu/committees/en/peti/home/members,2026-04-24
PETI,vice_chair,Cristina GUARDA,cristina.guarda@europarl.europa.eu,peti_vice_chair,https://www.europarl.europa.eu/committees/en/peti/home/members,2026-04-24
REGI,chair,Dragoş BENEA,dragos.benea@europarl.europa.eu,regi_chair,https://www.europarl.europa.eu/committees/en/regi/home/members,2026-04-24
REGI,vice_chair,Gabriella GERZSENYI,gabriella.gerzsenyi@europarl.europa.eu,regi_vice_chair,https://www.europarl.europa.eu/committees/en/regi/home/members,2026-04-24
REGI,vice_chair,Nora MEBAREK,nora.mebarek@europarl.europa.eu,regi_vice_chair,https://www.europarl.europa.eu/committees/en/regi/home/members,2026-04-24
REGI,vice_chair,Francesco VENTOLA,francesco.ventola@europarl.europa.eu,regi_vice_chair,https://www.europarl.europa.eu/committees/en/regi/home/members,2026-04-24
REGI,vice_chair,Ľubica KARVAŠOVÁ,lubica.karvasova@europarl.europa.eu,regi_vice_chair,https://www.europarl.europa.eu/committees/en/regi/home/members,2026-04-24
SANT,chair,Adam JARUBAS,adam.jarubas@europarl.europa.eu,sant_chair,https://www.europarl.europa.eu/committees/en/sant/home/members,2026-04-24
SANT,vice_chair,Tilly METZ,tilly.metz@europarl.europa.eu,sant_vice_chair,https://www.europarl.europa.eu/committees/en/sant/home/members,2026-04-24
SANT,vice_chair,Stine BOSSE,stine.bosse@europarl.europa.eu,sant_vice_chair,https://www.europarl.europa.eu/committees/en/sant/home/members,2026-04-24
SANT,vice_chair,Romana JERKOVIĆ,romana.jerkovic@europarl.europa.eu,sant_vice_chair,https://www.europarl.europa.eu/committees/en/sant/home/members,2026-04-24
SANT,vice_chair,Emmanouil FRAGKOS,emmanouil.fragkos@europarl.europa.eu,sant_vice_chair,https://www.europarl.europa.eu/committees/en/sant/home/members,2026-04-24
SEDE,chair,Marie-Agnes STRACK-ZIMMERMANN,marie-agnes.strack-zimmermann@europarl.europa.eu,sede_chair,https://www.europarl.europa.eu/committees/en/sede/home/members,2026-04-24
SEDE,vice_chair,Christophe GOMART,christophe.gomart@europarl.europa.eu,sede_vice_chair,https://www.europarl.europa.eu/committees/en/sede/home/members,2026-04-24
SEDE,vice_chair,Mihai TUDOSE,mihai.tudose@europarl.europa.eu,sede_vice_chair,https://www.europarl.europa.eu/committees/en/sede/home/members,2026-04-24
SEDE,vice_chair,Michał DWORCZYK,michal.dworczyk@europarl.europa.eu,sede_vice_chair,https://www.europarl.europa.eu/committees/en/sede/home/members,2026-04-24
SEDE,vice_chair,Riho TERRAS,riho.terras@europarl.europa.eu,sede_vice_chair,https://www.europarl.europa.eu/committees/en/sede/home/members,2026-04-24
TRAN,chair,Elissavet VOZEMBERG-VRIONIDI,elissavet.vozemberg@europarl.europa.eu,tran_chair,https://www.europarl.europa.eu/committees/en/tran/home/members,2026-04-24
TRAN,vice_chair,Virginijus SINKEVIČIUS,virginijus.sinkevicius@europarl.europa.eu,tran_vice_chair,https://www.europarl.europa.eu/committees/en/tran/home/members,2026-04-24
TRAN,vice_chair,Sophia KIRCHER,sophia.kircher@europarl.europa.eu,tran_vice_chair,https://www.europarl.europa.eu/committees/en/tran/home/members,2026-04-24
TRAN,vice_chair,Elena KOUNTOURA,elena.kountoura@europarl.europa.eu,tran_vice_chair,https://www.europarl.europa.eu/committees/en/tran/home/members,2026-04-24
TRAN,vice_chair,Matteo RICCI,matteo.ricci@europarl.europa.eu,tran_vice_chair,https://www.europarl.europa.eu/committees/en/tran/home/members,2026-04-24
