country_code,country_name,display_order,body_name,body_description,website_urls,source_url,last_verified,notes
AT,Austria,1,Gleichbehandlungsanwaltschaft,Ombud for Equal Treatment,http://www.gleichbehandlungsanwaltschaft.at/,https://commission.europa.eu/strategy-and-policy/policies/justice-and-fundamental-rights/gender-equality/who-we-work-gender-equality/national-gender-equality-bodies_en,2026-04-23,Commission equality-bodies page entry.
BE,Belgium,1,Institut pour l'Egalité des Femmes et des Hommes / Instituut voor de Gelijkheid van Vrouwen en Mannen,Institute for the Equality of Women and Men,http://igvm-iefh.belgium.be/fr/ ; http://igvm-iefh.belgium.be/nl/,https://commission.europa.eu/strategy-and-policy/policies/justice-and-fundamental-rights/gender-equality/who-we-work-gender-equality/national-gender-equality-bodies_en,2026-04-23,Commission equality-bodies page entry.
BG,Bulgaria,1,Комисия за защита от дискриминация,Commission for Protection against Discrimination,http://www.kzd-nondiscrimination.com,https://commission.europa.eu/strategy-and-policy/policies/justice-and-fundamental-rights/gender-equality/who-we-work-gender-equality/national-gender-equality-bodies_en,2026-04-23,Commission equality-bodies page entry.
HR,Croatia,1,Ombudsperson for Gender Equality,,http://www.prs.hr,https://commission.europa.eu/strategy-and-policy/policies/justice-and-fundamental-rights/gender-equality/who-we-work-gender-equality/national-gender-equality-bodies_en,2026-04-23,Commission equality-bodies page entry.
CY,Cyprus,1,Γραφείο Επιτρόπου Διοικήσεως (Ομπουτσμαν) - Αρχική Σελίδα,Ombudsman,http://www.ombudsman.gov.cy/,https://commission.europa.eu/strategy-and-policy/policies/justice-and-fundamental-rights/gender-equality/who-we-work-gender-equality/national-gender-equality-bodies_en,2026-04-23,Commission equality-bodies page entry.
CZ,Czechia,1,Veřejný ochránce práv,Office of the Public Defender of Rights,https://www.ochrance.cz/en/,https://commission.europa.eu/strategy-and-policy/policies/justice-and-fundamental-rights/gender-equality/who-we-work-gender-equality/national-gender-equality-bodies_en,2026-04-23,Commission equality-bodies page entry.
DK,Denmark,1,Ligebehandlingsnævnet,Board of Equal Treatment,http://www.ligebehandlingsnaevnet.dk/,https://commission.europa.eu/strategy-and-policy/policies/justice-and-fundamental-rights/gender-equality/who-we-work-gender-equality/national-gender-equality-bodies_en,2026-04-23,Commission equality-bodies page entry.
EE,Estonia,1,Soolise võrdõiguslikkuse volinik,Gender Equality and Equal Treatment Commissioner,http://www.svv.ee/,https://commission.europa.eu/strategy-and-policy/policies/justice-and-fundamental-rights/gender-equality/who-we-work-gender-equality/national-gender-equality-bodies_en,2026-04-23,Commission equality-bodies page entry.
FI,Finland,1,Tasa -arvo naisten ja miesten välillä,Ombudsman for Equality,https://tasa-arvo.fi/etusivu,https://commission.europa.eu/strategy-and-policy/policies/justice-and-fundamental-rights/gender-equality/who-we-work-gender-equality/national-gender-equality-bodies_en,2026-04-23,Commission equality-bodies page entry.
FR,France,1,Défenseur des Droits,Defender of Rights,http://www.defenseurdesdroits.fr,https://commission.europa.eu/strategy-and-policy/policies/justice-and-fundamental-rights/gender-equality/who-we-work-gender-equality/national-gender-equality-bodies_en,2026-04-23,Commission equality-bodies page entry.
DE,Germany,1,Antidiskriminierungsstelle,Federal Anti-Discrimination Agency,http://www.antidiskriminierungsstelle.de/,https://commission.europa.eu/strategy-and-policy/policies/justice-and-fundamental-rights/gender-equality/who-we-work-gender-equality/national-gender-equality-bodies_en,2026-04-23,Commission equality-bodies page entry.
GR,Greece,1,Συνήγορος του Πολίτη,Greek Ombudsman,http://www.synigoros.gr/,https://commission.europa.eu/strategy-and-policy/policies/justice-and-fundamental-rights/gender-equality/who-we-work-gender-equality/national-gender-equality-bodies_en,2026-04-23,Commission equality-bodies page entry.
HU,Hungary,1,Alapvető Jogok Biztosa,Commissioner for Fundamental Rights,http://www.ajbh.hu,https://commission.europa.eu/strategy-and-policy/policies/justice-and-fundamental-rights/gender-equality/who-we-work-gender-equality/national-gender-equality-bodies_en,2026-04-23,Commission equality-bodies page entry.
IE,Ireland,1,Irish Human Rights and Equality Commission,,http://www.ihrec.ie,https://commission.europa.eu/strategy-and-policy/policies/justice-and-fundamental-rights/gender-equality/who-we-work-gender-equality/national-gender-equality-bodies_en,2026-04-23,Commission equality-bodies page entry.
IT,Italy,1,Comitato Nazionale di Parità,,https://www.lavoro.gov.it/temi-e-priorita/parita-e-pari-opportunita/focus-on/Comitato-Nazionale-Parita/Pagine/default.aspx,https://commission.europa.eu/strategy-and-policy/policies/justice-and-fundamental-rights/gender-equality/who-we-work-gender-equality/national-gender-equality-bodies_en,2026-04-23,Commission equality-bodies page entry.
LV,Latvia,1,Office of the Ombudsman,,http://www.tiesibsargs.lv,https://commission.europa.eu/strategy-and-policy/policies/justice-and-fundamental-rights/gender-equality/who-we-work-gender-equality/national-gender-equality-bodies_en,2026-04-23,Commission equality-bodies page entry.
LT,Lithuania,1,Office of the Equal Opportunities Ombudsman,,http://www.lygybe.lt,https://commission.europa.eu/strategy-and-policy/policies/justice-and-fundamental-rights/gender-equality/who-we-work-gender-equality/national-gender-equality-bodies_en,2026-04-23,Commission equality-bodies page entry.
LU,Luxembourg,1,Center for Equal Treatment,,http://www.cet.lu,https://commission.europa.eu/strategy-and-policy/policies/justice-and-fundamental-rights/gender-equality/who-we-work-gender-equality/national-gender-equality-bodies_en,2026-04-23,Commission equality-bodies page entry.
MT,Malta,1,National Commission for the Promotion of Equality,,https://ncpe.gov.mt/about-us/functions-of-the-commission/,https://commission.europa.eu/strategy-and-policy/policies/justice-and-fundamental-rights/gender-equality/who-we-work-gender-equality/national-gender-equality-bodies_en,2026-04-23,Commission equality-bodies page entry.
NL,Netherlands,1,Netherlands Institute for Human Rights,,http://www.mensenrechten.nl,https://commission.europa.eu/strategy-and-policy/policies/justice-and-fundamental-rights/gender-equality/who-we-work-gender-equality/national-gender-equality-bodies_en,2026-04-23,Commission equality-bodies page entry.
PL,Poland,1,Commissioner for Human Rights,,http://www.rpo.gov.pl,https://commission.europa.eu/strategy-and-policy/policies/justice-and-fundamental-rights/gender-equality/who-we-work-gender-equality/national-gender-equality-bodies_en,2026-04-23,Commission equality-bodies page entry.
PT,Portugal,1,CITE Comissão para a Igualdade no Trabalho e no Emprego,Commission for Equality in Labour and Employment,http://www.cite.gov.pt/,https://commission.europa.eu/strategy-and-policy/policies/justice-and-fundamental-rights/gender-equality/who-we-work-gender-equality/national-gender-equality-bodies_en,2026-04-23,Commission equality-bodies page entry.
PT,Portugal,2,Commission for Citizenship and Gender Equality,,http://www.cig.gov.pt,https://commission.europa.eu/strategy-and-policy/policies/justice-and-fundamental-rights/gender-equality/who-we-work-gender-equality/national-gender-equality-bodies_en,2026-04-23,Commission equality-bodies page entry.
RO,Romania,1,National Council for Combating Discrimination,,http://www.cncd.ro,https://commission.europa.eu/strategy-and-policy/policies/justice-and-fundamental-rights/gender-equality/who-we-work-gender-equality/national-gender-equality-bodies_en,2026-04-23,Commission equality-bodies page entry.
SK,Slovakia,1,National Center for Human Rights,,http://www.snslp.sk,https://commission.europa.eu/strategy-and-policy/policies/justice-and-fundamental-rights/gender-equality/who-we-work-gender-equality/national-gender-equality-bodies_en,2026-04-23,Commission equality-bodies page entry.
SI,Slovenia,1,Advocate for the principle of Equality,,http://zagovornik.gov.si,https://commission.europa.eu/strategy-and-policy/policies/justice-and-fundamental-rights/gender-equality/who-we-work-gender-equality/national-gender-equality-bodies_en,2026-04-23,Commission equality-bodies page entry.
ES,Spain,1,Instituto de la Mujer,Women´s and Equal Opportunities Institute,http://www.inmujer.es/,https://commission.europa.eu/strategy-and-policy/policies/justice-and-fundamental-rights/gender-equality/who-we-work-gender-equality/national-gender-equality-bodies_en,2026-04-23,Commission equality-bodies page entry.
SE,Sweden,1,Diskriminerings ombudsmannen,Equality Ombudsman,http://www.do.se/,https://commission.europa.eu/strategy-and-policy/policies/justice-and-fundamental-rights/gender-equality/who-we-work-gender-equality/national-gender-equality-bodies_en,2026-04-23,Commission equality-bodies page entry.
