template_slug,title,template_family,template_kind,primary_target,jurisdiction_scope,stage,tone,requires_evidence,best_when,not_for,source_path
"consultation_response_template","Consultation Response Template","formal_filing","submission","Commission consultation or Have Your Say portal","EU","pre_filing","neutral","medium","You are responding to an open public consultation and need a structured policy response.","One-to-one complaints; media outreach; ombudsman complaints.","templates/level-0-public-comment/consultation-response-template.md"
"foi_request_template","Freedom of Information (FOI) Request Template","formal_filing","request","EU institution document-access office","EU","initial_administrative","formal","medium","You need documents from an EU institution under Regulation 1049/2001.","National FOI systems; media pitches; political outreach.","templates/level-1-administrative/foi-request-template.md"
"ombudsman_complaint_template","European Ombudsman Complaint Template","formal_filing","complaint","European Ombudsman","EU","oversight_escalation","formal","high","You need to allege maladministration by an EU institution or body after direct contact failed.","National authorities; local ombudsmen; ordinary private-company disputes.","templates/level-1-administrative/ombudsman-complaint-template.md"
"platform_account_suspension_email","Platform Account Suspension Or Removal","citizen_issue_email","email","Platform support or complaint team","Mixed","initial_contact","firm","medium","An account or content restriction needs a first review request or statement-of-reasons follow-up.","Formal regulator-delay complaints; Parliament outreach.","docs/digital-issues/email-templates/platform-account-suspension-email.md"
"illegal_content_and_dsa_email","Illegal Content Or Notice-And-Action Problem","citizen_issue_email","email","Platform notice-and-action or trust-and-safety team","Mixed","initial_contact","firm","medium","You reported illegal content or a listing and need a clean platform follow-up.","General media outreach; national ombudsman complaints.","docs/digital-issues/email-templates/illegal-content-and-dsa-email.md"
"dark_patterns_email","Dark Patterns And Manipulative Design","citizen_issue_email","email","Platform or trader compliance or support contact","Mixed","initial_contact","firm","medium","You need a first complaint about manipulative interfaces or unfair flow design.","Formal DPA silence follow-up; journalist pitch.","docs/digital-issues/email-templates/dark-patterns-email.md"
"gdpr_data_rights_email","Data Access, Deletion, Or Profiling Problem","citizen_issue_email","email","Controller or privacy office","Mixed","initial_contact","formal","medium","A rights request or follow-up to a controller is the first procedural step.","DPA delay escalation; MEP oversight pressure.","docs/digital-issues/email-templates/gdpr-data-rights-email.md"
"ai_decision_harm_email","AI Decision Harm Or Opaque Automated Output","citizen_issue_email","email","Service provider or controller","Mixed","initial_contact","firm","medium","You need an explanation or review request after an AI-assisted decision or opaque output.","Formal court filing; regulator-delay oversight letters.","docs/digital-issues/email-templates/ai-decision-harm-email.md"
"online_scam_and_marketplace_harm_email","Online Scam, Fake Seller, Or Marketplace Failure","citizen_issue_email","email","Marketplace or payment-platform support or complaints team","Mixed","initial_contact","firm","medium","A marketplace failure or scam needs a clean first complaint to the platform.","Formal NGO coalition asks; ombudsman complaints.","docs/digital-issues/email-templates/online-scam-and-marketplace-harm-email.md"
"digital_accessibility_failure_email","Inaccessible Digital Service Or App","citizen_issue_email","email","Service owner or accessibility contact","Mixed","initial_contact","formal","medium","You need a first accessibility-failure report and practical remediation ask.","EU Ombudsman complaints against national bodies; journalist pitches.","docs/digital-issues/email-templates/digital-accessibility-failure-email.md"
"cross_border_consumer_dispute_email","Cross-Border Online Consumer Dispute","citizen_issue_email","email","Trader or platform complaints contact","Mixed","initial_contact","formal","medium","A trader or platform dispute crosses borders and needs a first documented complaint.","DPA-specific privacy complaints; Commission consultation responses.","docs/digital-issues/email-templates/cross-border-consumer-dispute-email.md"
"mep_outreach_procedural_concern_email","MEP Outreach On A Policy File Or Procedural Concern","outreach_email","email","MEP office","EU","political_outreach","measured","medium","You want a citizen-facing procedural concern email to an MEP on a policy file.","Formal filings to regulators or ombudsmen.","docs/outreach-email-templates/mep-outreach-procedural-concern-email.md"
"committee_coordinator_procedural_concern_email","Committee Coordinator Pressure Email","outreach_email","email","Committee coordinator office","EU","political_outreach","measured","high","You want to pressure a committee coordinator on process; pace; or stakeholder balance.","Private controller complaints; first-contact support tickets.","docs/outreach-email-templates/committee-coordinator-procedural-concern-email.md"
"commission_consultation_process_email","Commission Consultation Process Challenge","outreach_email","email","Commission service; cabinet; or Secretariat-General contact","EU","process_challenge","formal","high","A consultation process itself is the problem and you need to challenge timing; opacity; or imbalance.","Ordinary company complaints or DPA filings.","docs/outreach-email-templates/commission-consultation-process-email.md"
"journalist_issue_pitch_email","Journalist Issue Pitch","outreach_email","email","Journalist or newsroom","Mixed","media_outreach","concise","high","The issue has public-interest value and you need a short media pitch.","Private legal complaints or controller rights requests.","docs/outreach-email-templates/journalist-issue-pitch-email.md"
"ngo_support_request_email","NGO Support Or Amplification Request","outreach_email","email","NGO or advocacy network","Mixed","coalition_outreach","measured","medium","You want review; support; or amplification from an NGO or network.","First rights requests to companies or formal court filings.","docs/outreach-email-templates/ngo-support-request-email.md"
"dpa_follow_up_after_silence_email","DPA Follow-Up After Silence","campaign_email","email","National DPA","National_or_cross_border","regulator_follow_up","formal","high","A correctly filed GDPR complaint has gone quiet and you need a focused procedural follow-up.","Initial controller contact; journalist outreach before a complaint exists.","campaigns/gdpr-complaints/emails/dpa-follow-up-after-silence-email.md"
"privacy_ngo_support_request_email","Privacy NGO Support Or Amplification Request","campaign_email","email","Privacy NGO or public-interest watchdog","Mixed","coalition_outreach","measured","high","A GDPR issue looks systemic and you want strategic privacy-group support.","Basic personal rights requests without a systemic angle.","campaigns/gdpr-complaints/emails/privacy-ngo-support-request-email.md"
"journalist_gdpr_enforcement_pitch_email","Journalist Pitch On GDPR Under-Enforcement","campaign_email","email","Journalist or newsroom","EU_or_national","media_outreach","concise","high","A GDPR problem has turned into a public-interest enforcement story.","Thinly evidenced personal disputes.","campaigns/gdpr-complaints/emails/journalist-gdpr-enforcement-pitch-email.md"
"mep_gdpr_under_enforcement_email","MEP Oversight Pressure On GDPR Under-Enforcement","campaign_email","email","MEP office","EU","political_outreach","measured","high","A GDPR case now shows systemic regulator delay or under-enforcement and needs oversight pressure.","Initial controller contact or ordinary consumer complaint.","campaigns/gdpr-complaints/emails/mep-gdpr-under-enforcement-email.md"
"cross_border_complainant_coordination_note","Cross-Border GDPR Complaint Coordination","campaign_email","note","Partner complainants or allied organisations","EU_cross_border","coordination","neutral","high","Several complainants or organisations need a shared coordination note before wider escalation.","First-contact complaints to a controller or public journalist pitch.","campaigns/gdpr-complaints/emails/cross-border-complainant-coordination-note.md"
